{
    "isolines": [
        {
            "id": 1,
            "created": "2023-03-22T16:53:33.052782",
            "method": "power",
            "data": {
                "80": [
                    [55.56815832203765, 86.07586717620545],
                    [55.56809989503302, 86.07647990171166],
                    [55.567942740822545, 86.07680888146544],
                    [55.5677603960634, 86.07670018448536],
                    [55.56763818098733, 86.07620467602257],
                    [55.56763327861606, 86.0755542093338],
                    [55.567747982768886, 86.07505314005647],
                    [55.56792862484952, 86.07493592301316],
                    [55.56809068143128, 86.07525740994797],
                    [55.56815832203765, 86.07586717620545]
                ],
                "50": [
                    [55.56851754855263, 86.07585874408774],
                    [55.568487364219955, 86.07637415942375],
                    [55.568392325388324, 86.07683531825151],
                    [55.56824273184401, 86.0771922453729],
                    [55.568054795406375, 86.07740626231895],
                    [55.56784888268812, 86.07745417871033],
                    [55.567647307726304, 86.07733080458732],
                    [55.5674719138263, 86.07704951175754],
                    [55.567341706698855, 86.07664078378045],
                    [55.56727079529256, 86.07614891212957],
                    [55.56726686329816, 86.07562719675424],
                    [55.567330336779825, 86.07513217103597],
                    [55.56745433801649, 86.07471747660556],
                    [55.567625430550166, 86.07442805131973],
                    [55.56782507481277, 86.07429525985073],
                    [55.56803163677009, 86.07433349443596],
                    [55.56822273208603, 86.0745386143193],
                    [55.56837765187295, 86.07488839338873],
                    [55.56847960713512, 86.07534492795727],
                    [55.56851754855263, 86.07585874408774]
                ],
                "25": [
                    [55.57031368079694, 86.07581658064694],
                    [55.57019779749542, 86.07787821768241],
                    [55.569831680028535, 86.07972257688142],
                    [55.56925501658566, 86.08114977039999],
                    [55.56853031420512, 86.08200514155972],
                    [55.56773611816253, 86.08219602350009],
                    [55.56695849508872, 86.08170177015329],
                    [55.566281704980625, 86.08057597713776],
                    [55.565779073499634, 86.07894065883167],
                    [55.56550505234421, 86.0769730189572],
                    [55.565489325403334, 86.07488625134873],
                    [55.565733596496564, 86.07290644994292],
                    [55.566211404923735, 86.07124812473558],
                    [55.56687098873394, 86.07009096987458],
                    [55.56764088718733, 86.06956039570181],
                    [55.56843767814073, 86.06971393241969],
                    [55.56917501462979, 86.07053498135755],
                    [55.56977298287153, 86.07193459707179],
                    [55.57016676719467, 86.07376111417399],
                    [55.57031368079694, 86.07581658064694]
                ],
                "10": [
                    [55.57929433375389, 86.07560569210688],
                    [55.5786995977655, 86.07870870386648],
                    [55.57693328740932, 86.08150422252012],
                    [55.57418683862209, 86.08368914694056],
                    [55.570757908287845, 86.08502671807389],
                    [55.567018103075554, 86.08537217057132],
                    [55.56337269792284, 86.08468834383557],
                    [55.560216714420335, 86.08304959314056],
                    [55.557892120270594, 86.08063362585777],
                    [55.55665078530863, 86.07770219220144],
                    [55.55662720267076, 86.07457274475131],
                    [55.557823924809, 86.07158412763002],
                    [55.56011128819672, 86.06905997549684],
                    [55.56324145600881, 86.06727373896538],
                    [55.566875260555754, 86.06641908594254],
                    [55.57061894279319, 86.06658887201229],
                    [55.574066813753326, 86.06776497666802],
                    [55.57684521845183, 86.06982014950395],
                    [55.5786530376, 86.07253171585056],
                    [55.57929433375389, 86.07560569210688]
                ]
            },
            "seismoevent_id": 1
        },
        {
            "id": 2,
            "created": "2023-03-14T16:53:33.052782",
            "method": "power",
            "data": {
                "100": [
                    [55.560236652652115, 86.10378782137029],
                    [55.56016004989564, 86.10480827965486],
                    [55.55995119926956, 86.10535507095094],
                    [55.55970783110897, 86.10517235059761],
                    [55.559543817526965, 86.10434562599582],
                    [55.55953589460855, 86.10326172936423],
                    [55.55968776945738, 86.10242781697653],
                    [55.559928385795715, 86.10223408329409],
                    [55.56014515934023, 86.10277118862892],
                    [55.560236652652115, 86.10378782137029]
                ],
                "60": [
                    [55.56346971974251, 86.1037142407516],
                    [55.56263672385525, 86.1047519793227],
                    [55.56051261587234, 86.1053423173649],
                    [55.55809129614455, 86.10520907774237],
                    [55.55650572580785, 86.1044147107293],
                    [55.55649780378489, 86.10333089769975],
                    [55.55807123569949, 86.10246465676417],
                    [55.560489801921975, 86.1022212852182],
                    [55.56262183192767, 86.10271476018394],
                    [55.56346971974251, 86.1037142407516]
                ],
                "45": [
                    [55.57245045231431, 86.10350977177275],
                    [55.57180672910659, 86.1086719185058],
                    [55.569870094022775, 86.1133052142925],
                    [55.566850494682896, 86.11690727355699],
                    [55.563075254519866, 86.11908778283906],
                    [55.55895355874475, 86.11961078637368],
                    [55.554932079324594, 86.11842011355026],
                    [55.55144656179235, 86.11564525286661],
                    [55.548874624114845, 86.11158712572667],
                    [55.547494874694735, 86.10668538344687],
                    [55.547456763361176, 86.10147081058355],
                    [55.5487644145601, 86.09650797277664],
                    [55.55127618272752, 86.09233425395415],
                    [55.55471997705072, 86.08940179798857],
                    [55.55872270534041, 86.0880285724128],
                    [55.562850663730295, 86.08836383160677],
                    [55.56665651247893, 86.09037175564508],
                    [55.569727756935464, 86.09383511656408],
                    [55.5717314780345, 86.0983786656205],
                    [55.57245045231431, 86.10350977177275]
                ],