{
    "places": [
        {
            "id": 1,
            "name": "Кедровский угольный разрез",
            "lon1": 55.50481115236003,
            "lat1": 86.03272006721588,
            "lon2": 55.59576788087517,
            "lat2": 86.18911162404322,
            "contour_go": {},
            "contour_szz": [
                [
                    55.513831,
                    86.036334
                ],
                [
                    55.518116,
                    86.036677
                ],
                [
                    55.523083,
                    86.038222
                ],
                [
                    55.530094,
                    86.044059
                ],
                [
                    55.533891,
                    86.049895
                ],
                [
                    55.535741,
                    86.05762
                ],
                [
                    55.537396,
                    86.063971
                ],
                [
                    55.540511,
                    86.063456
                ],
                [
                    55.544793,
                    86.057791
                ],
                [
                    55.547324,
                    86.056933
                ],
                [
                    55.548589,
                    86.054015
                ],
                [
                    55.55073,
                    86.05247
                ],
                [
                    55.553065,
                    86.054015
                ],
                [
                    55.556882,
                    86.050226
                ],
                [
                    55.560774,
                    86.049196
                ],
                [
                    55.566514,
                    86.048681
                ],
                [
                    55.570682,
                    86.049148
                ],
                [
                    55.57749,
                    86.051208
                ],
                [
                    55.582449,
                    86.054984
                ],
                [
                    55.585558,
                    86.057723
                ],
                [
                    55.587503,
                    86.062015
                ],
                [
                    55.590614,
                    86.06768
                ],
                [
                    55.592655,
                    86.072486
                ],
                [
                    55.593724,
                    86.081241
                ],
                [
                    55.593577,
                    86.085951
                ],
                [
                    55.591341,
                    86.091444
                ],
                [
                    55.590077,
                    86.095564
                ],
                [
                    55.590952,
                    86.097624
                ],
                [
                    55.591341,
                    86.100714
                ],
                [
                    55.590077,
                    86.102602
                ],
                [
                    55.589397,
                    86.104147
                ],
                [
                    55.590758,
                    86.10758
                ],
                [
                    55.592507,
                    86.109812
                ],
                [
                    55.593966,
                    86.11273
                ],
                [
                    55.596104,
                    86.114961
                ],
                [
                    55.597659,
                    86.118395
                ],
                [
                    55.59834,
                    86.122686
                ],
                [
                    55.59834,
                    86.124403
                ],
                [
                    55.597756,
                    86.128351
                ],
                [
                    55.596298,
                    86.133501
                ],
                [
                    55.593188,
                    86.135389
                ],
                [
                    55.591049,
                    86.138136
                ],
                [
                    55.586166,
                    86.142675
                ],
                [
                    55.582374,
                    86.146451
                ],
                [
                    55.578873,
                    86.149198
                ],
                [
                    55.579498,
                    86.152318
                ],
                [
                    55.580389,
                    86.156276
                ],
                [
                    55.577082,
                    86.158508
                ],
                [
                    55.574748,
                    86.160053
                ],
                [
                    55.572414,
                    86.161597
                ],
                [
                    55.570306,
                    86.160762
                ],
                [
                    55.567486,
                    86.160076
                ],
                [
                    55.564956,
                    86.162479
                ],
                [
                    55.563205,
                    86.164539
                ],
                [
                    55.560987,
                    86.165151
                ],
                [
                    55.557971,
                    86.165151
                ],
                [
                    55.553727,
                    86.165284
                ],
                [
                    55.551586,
                    86.165284
                ],
                [
                    55.54964,
                    86.165284
                ],
                [
                    55.547888,
                    86.165284
                ],
                [
                    55.546331,
                    86.165284
                ],
                [
                    55.541561,
                    86.164082
                ],
                [
                    55.536232,
                    86.162365
                ],
                [
                    55.534991,
                    86.161636
                ],
                [
                    55.534163,
                    86.161164
                ],
                [
                    55.533433,
                    86.160606
                ],
                [
                    55.531875,
                    86.159576
                ],
                [
                    55.5319,
                    86.159662
                ],
                [
                    55.531174,
                    86.159107
                ],
                [
                    55.530834,
                    86.159708
                ],
                [
                    55.530381,
                    86.160741
                ],
                [
                    55.529602,
                    86.162371
                ],
                [
                    55.529043,
                    86.163187
                ],
                [
                    55.527193,
                    86.165075
                ],
                [
                    55.525123,
                    86.165161
                ],
                [
                    55.524296,
                    86.164388
                ],
                [
                    55.523541,
                    86.161985
                ],
                [
                    55.52393,
                    86.16044
                ],
                [
                    55.524685,
